{
  "Routes": [
    {
      "DownstreamPathTemplate": "/api/{everything}",
      "DownstreamScheme": "https",
      "DownstreamHostAndPorts": [
        {
          "Host": "localhost",
          "Port": 44343
        }
      ],
      "UpstreamPathTemplate": "/api/customerservice/{everything}",
      "Priority": 1,
      "UpstreamHttpMethod": [ "Get", "Post" ],
      "AuthenticationOptions": {
        "AuthenticationProviderKey": "TestKey",
        "AllowedScopes": [] 
      }
    },
    {
      "DownstreamPathTemplate": "/api/{everything}",
      "DownstreamScheme": "https",
      "DownstreamHostAndPorts": [
        {
          "Host": "localhost",
          "Port": 44356
        }
      ],
      "UpstreamPathTemplate": "/api/productservice/{everything}",
      "Priority": 0,
      "UpstreamHttpMethod": [ "Get" ],
      "AuthenticationOptions": {
        "AuthenticationProviderKey": "TestKey", 
        "AllowedScopes": []
      }
    },
    {
      "DownstreamPathTemplate": "/api/{everything}", 
      "DownstreamScheme": "https",
      "DownstreamHostAndPorts": [
        {
          "Host": "localhost",
          "Port": 44358
        }
      ],
      "UpstreamPathTemplate": "/api/authservice/{everything}",
      "Priority": 0,
      "UpstreamHttpMethod": [ "Get", "Post" ]  
    }
  ],
  "GlobalConfiguration": {
    "BaseUrl": "https://localhost:44357" 
  }
}